"Date","State","Idle Time","Logger Notes","Charging State","Battery Level","Charger Limit SOC","Battery Range","Charge Energy Added","Charge Rate","Charger Phases","Charger Voltage","Charger Actual Current","Fast Charger Type","Power"
"8:17:15 PM","online","0","","Disconnected","3","100","8.44","0.31","0.0","","1","0","","37"
"8:17:54 PM","online","0","","Disconnected","3","100","7.99","0.31","0.0","","1","0","","2"
"8:18:15 PM","online","0","","Disconnected","3","100","7.99","0.31","0.0","","2","0","","2"
"8:18:55 PM","online","0","","Disconnected","3","100","7.99","0.31","0.0","","2","0","","20"
"8:19:16 PM","online","0","","Disconnected","3","100","7.99","0.31","0.0","","2","0","","3"
"8:19:53 PM","online","0","Driving->Idling @ No Tagged Location Found","Disconnected","3","100","7.99","0.31","0.0","","2","0","","2"
"8:20:54 PM","online","0","Idling->Charging","Charging","3","100","7.99","0.0","20.3","1","205","30","","-5"
"8:21:53 PM","online","0","","Charging","3","100","8.44","0.1","23.9","1","206","30","","-6"
"8:22:53 PM","online","0","","Charging","4","100","8.44","0.1","23.9","1","206","30","","-6"
"8:23:53 PM","online","0","","Charging","4","100","8.88","0.21","24.0","1","206","30","","-6"
"8:24:53 PM","online","0","","Charging","4","100","9.32","0.42","23.9","1","206","30","","-6"
"8:25:55 PM","online","0","","Charging","4","100","10.21","0.52","24.0","1","206","30","","-6"
"8:26:53 PM","online","0","","Charging","4","100","10.21","0.52","24.0","1","206","30","","-6"
"8:27:53 PM","online","0","","Charging","4","100","10.66","0.63","24.0","1","206","30","","-6"
"8:28:53 PM","online","0","","Charging","5","100","11.1","0.73","24.0","1","206","30","","-6"
"8:29:54 PM","online","0","","Charging","5","100","11.99","0.94","24.0","1","206","30","","-6"
"8:30:53 PM","online","0","","Charging","5","100","11.54","0.84","24.0","1","206","30","","-6"
"8:31:53 PM","online","0","","Charging","5","100","12.43","1.05","23.9","1","205","30","","-6"
"8:32:54 PM","online","0","","Charging","5","100","12.88","1.15","23.7","1","205","30","","-6"
"8:33:54 PM","online","0","","Charging","6","100","12.88","1.15","23.9","1","206","30","","-6"
"8:34:55 PM","online","0","","Charging","6","100","13.32","1.26","23.7","1","205","30","","-6"
"8:35:53 PM","online","0","","Charging","6","100","13.76","1.36","23.9","1","206","30","","-6"
"8:36:54 PM","online","0","","Charging","6","100","14.65","1.57","24.0","1","205","30","","-6"
"8:37:52 PM","online","0","","Charging","6","100","14.65","1.57","23.9","1","206","30","","-6"
"8:38:53 PM","online","0","","Charging","6","100","15.1","1.68","23.9","1","205","30","","-6"
"8:39:54 PM","online","0","","Charging","6","100","15.54","1.78","23.7","1","205","30","","-6"
"8:40:52 PM","online","0","","Charging","7","100","15.54","1.78","23.9","1","205","30","","-6"
"8:41:53 PM","online","0","","Charging","7","100","16.43","1.99","23.7","1","205","30","","-6"
"8:42:53 PM","online","0","","Charging","7","100","16.87","2.1","23.7","1","205","30","","-6"
"8:43:53 PM","online","0","","Charging","7","100","16.87","2.1","23.7","1","205","30","","-6"
"8:44:53 PM","online","0","","Charging","7","100","17.32","2.2","23.9","1","206","30","","-6"
"8:45:53 PM","online","0","","Charging","7","100","17.76","2.31","23.8","1","205","30","","-6"
"8:46:53 PM","online","0","","Charging","8","100","18.2","2.51","23.9","1","205","30","","-6"
"8:47:53 PM","online","0","","Charging","8","100","18.65","2.51","23.7","1","205","30","","-6"
"8:48:53 PM","online","0","","Charging","8","100","19.09","2.62","23.7","1","205","30","","-6"
"8:49:53 PM","online","0","","Charging","8","100","19.54","2.72","23.6","1","205","30","","-6"
"8:50:53 PM","online","0","","Charging","8","100","19.54","2.72","24.1","1","206","30","","-6"
"8:51:54 PM","online","0","","Charging","8","100","19.98","2.83","24.1","1","205","30","","-6"
"8:52:53 PM","online","0","","Charging","8","100","20.42","3.04","24.2","1","206","30","","-6"
"8:53:53 PM","online","0","","Charging","9","100","21.31","3.14","24.2","1","206","30","","-6"
"8:54:53 PM","online","0","","Charging","9","100","21.31","3.14","24.0","1","205","30","","-6"
"8:55:53 PM","online","0","","Charging","9","100","21.76","3.25","24.2","1","206","30","","-6"
"8:56:53 PM","online","0","","Charging","9","100","22.2","3.35","24.0","1","205","30","","-6"
"8:57:53 PM","online","0","","Charging","10","100","23.09","3.56","24.2","1","206","30","","-6"
"8:58:53 PM","online","0","","Charging","10","100","22.64","3.46","24.2","1","206","30","","-6"
"8:59:53 PM","online","0","","Charging","10","100","23.53","3.67","24.2","1","206","30","","-6"
"9:00:53 PM","online","0","","Charging","10","100","23.98","3.77","24.2","1","206","30","","-6"
"9:01:54 PM","online","0","","Charging","10","100","23.98","3.77","24.1","1","205","30","","-6"
"9:02:53 PM","online","0","","Charging","10","100","24.42","3.88","23.9","1","205","30","","-6"
"9:03:54 PM","online","0","","Charging","10","100","24.87","4.09","24.0","1","205","30","","-6"
"9:04:54 PM","online","0","","Charging","11","100","25.75","4.19","24.1","1","206","30","","-6"
"9:05:54 PM","online","0","","Charging","11","100","25.75","4.19","24.1","1","206","30","","-6"
"9:06:53 PM","online","0","","Charging","11","100","26.2","4.3","24.2","1","206","30","","-6"
"9:07:54 PM","online","0","","Charging","11","100","26.64","4.4","23.9","1","205","30","","-6"
"9:08:53 PM","online","0","","Charging","11","100","27.09","4.51","24.2","1","206","30","","-6"
"9:09:53 PM","online","0","","Charging","11","100","27.09","4.51","24.2","1","206","30","","-6"
"9:10:52 PM","online","0","","Charging","12","100","27.97","4.72","24.2","1","206","30","","-6"
"9:11:52 PM","online","0","","Charging","12","100","28.42","4.82","24.1","1","205","30","","-6"
"9:12:53 PM","online","0","","Charging","12","100","28.86","4.93","24.2","1","205","30","","-6"
"9:13:52 PM","online","0","","Charging","12","100","28.86","4.93","24.0","1","205","30","","-6"
"9:14:53 PM","online","0","","Charging","12","100","29.31","5.13","24.2","1","205","30","","-6"
"9:15:52 PM","online","0","","Charging","13","100","30.19","5.24","24.2","1","206","30","","-6"
"9:16:53 PM","online","0","","Charging","13","100","30.19","5.24","24.2","1","206","30","","-6"
"9:17:52 PM","online","0","","Charging","13","100","30.64","5.34","24.2","1","206","30","","-6"
"9:18:53 PM","online","0","","Charging","13","100","31.08","5.45","24.2","1","205","30","","-6"
"9:19:53 PM","online","0","","Charging","13","100","31.53","5.66","24.2","1","206","30","","-6"
"9:20:52 PM","online","0","","Charging","13","100","31.53","5.55","24.2","1","205","30","","-6"
"9:21:53 PM","online","0","","Charging","13","100","32.41","5.76","24.1","1","205","30","","-6"
"9:22:53 PM","online","0","","Charging","14","100","32.86","5.87","23.9","1","205","30","","-6"
"9:23:50 PM","online","0","","Charging","14","100","33.3","5.97","23.9","1","205","30","","-6"
"9:24:51 PM","online","0","","Charging","14","100","33.3","5.97","24.2","1","206","30","","-6"
"9:25:52 PM","online","0","","Charging","14","100","34.19","6.18","24.2","1","206","30","","-6"
"9:26:52 PM","online","0","","Charging","14","100","34.63","6.29","24.2","1","206","30","","-6"
"9:27:52 PM","online","0","","Charging","15","100","35.08","6.39","24.2","1","206","30","","-6"
"9:28:50 PM","online","0","","Charging","15","100","35.08","6.39","24.2","1","205","30","","-6"
"9:29:52 PM","online","0","","Charging","15","100","35.52","6.5","24.2","1","205","30","","-6"
"9:30:51 PM","online","0","","Charging","15","100","36.41","6.71","24.2","1","205","30","","-6"
"9:31:51 PM","online","0","","Charging","15","100","36.41","6.71","24.3","1","207","30","","-6"
"9:32:52 PM","online","0","","Charging","15","100","36.85","6.81","24.2","1","206","30","","-6"
"9:33:52 PM","online","0","","Charging","15","100","37.3","6.92","24.3","1","205","30","","-6"
"9:34:51 PM","online","0","","Charging","16","100","37.74","7.02","24.2","1","205","30","","-6"
"9:35:51 PM","online","0","","Charging","16","100","37.74","7.02","24.2","1","205","30","","-6"
"9:36:52 PM","online","0","","Charging","16","100","38.63","7.23","24.3","1","206","30","","-6"
"9:37:52 PM","online","0","","Charging","16","100","39.07","7.34","24.3","1","205","30","","-6"
"9:38:53 PM","online","0","","Charging","16","100","39.52","7.44","24.3","1","206","30","","-6"
"9:39:51 PM","online","0","","Charging","16","100","39.52","7.44","24.2","1","205","30","","-6"
"9:40:51 PM","online","0","","Charging","17","100","39.96","7.54","24.3","1","206","30","","-6"
"9:41:51 PM","online","0","","Charging","17","100","40.41","7.65","24.2","1","206","30","","-6"
"9:42:50 PM","online","0","","Charging","17","100","41.29","7.86","24.3","1","206","30","","-6"
"9:43:52 PM","online","0","","Charging","17","100","41.29","7.86","24.3","1","205","30","","-6"
"9:44:52 PM","online","0","","Charging","17","100","41.74","7.96","24.3","1","206","30","","-6"
"9:45:51 PM","online","0","","Charging","17","100","42.18","8.07","24.0","1","205","30","","-6"
"9:46:52 PM","online","0","","Charging","18","100","42.63","8.17","24.2","1","205","30","","-6"
"9:47:51 PM","online","0","","Charging","18","100","43.07","8.28","24.2","1","206","30","","-6"
"9:48:52 PM","online","0","","Charging","18","100","43.51","8.38","24.3","1","205","30","","-6"
"9:49:50 PM","online","0","","Charging","18","100","43.96","8.49","24.2","1","207","30","","-6"
"9:50:50 PM","online","0","","Charging","18","100","44.4","8.59","24.3","1","206","30","","-6"
"9:51:51 PM","online","0","","Charging","18","100","44.4","8.59","24.3","1","206","30","","-6"
"9:52:51 PM","online","0","","Charging","19","100","44.85","8.7","24.3","1","206","30","","-6"
"9:53:50 PM","online","0","","Charging","19","100","45.73","8.91","24.3","1","206","30","","-6"
"9:54:52 PM","online","0","","Charging","19","100","45.73","8.91","24.3","1","206","30","","-6"
"9:55:51 PM","online","0","","Charging","19","100","46.18","9.01","24.3","1","206","30","","-6"
"9:56:52 PM","online","0","","Charging","19","100","46.62","9.12","24.3","1","207","30","","-6"
"9:57:51 PM","online","0","","Charging","20","100","47.07","9.22","24.0","1","205","30","","-6"
"9:58:51 PM","online","0","","Charging","20","100","47.07","9.22","24.2","1","206","30","","-6"
"9:59:52 PM","online","0","","Charging","20","100","47.95","9.43","24.0","1","204","30","","-6"
"10:00:52 PM","online","0","","Charging","20","100","48.4","9.54","24.0","1","204","30","","-6"
"10:01:51 PM","online","0","","Charging","20","100","48.84","9.64","24.0","1","205","30","","-6"
"10:02:52 PM","online","0","","Charging","20","100","48.84","9.64","24.0","1","204","30","","-6"
"10:03:50 PM","online","0","","Charging","20","100","49.29","9.85","24.2","1","206","30","","-6"
"10:04:50 PM","online","0","","Charging","21","100","50.17","9.95","24.0","1","205","30","","-6"
"10:05:51 PM","online","0","","Charging","21","100","50.17","10.06","24.0","1","204","30","","-6"
"10:06:52 PM","online","0","","Charging","21","100","50.62","10.06","24.0","1","204","30","","-6"
"10:07:51 PM","online","0","","Charging","21","100","51.06","10.16","24.2","1","206","30","","-6"
"10:08:51 PM","online","0","","Charging","22","100","51.95","10.37","24.0","1","204","30","","-6"
"10:09:51 PM","online","0","","Charging","22","100","51.95","10.37","24.2","1","205","30","","-6"
"10:10:51 PM","online","0","","Charging","22","100","52.39","10.48","24.0","1","205","30","","-6"
"10:11:52 PM","online","0","","Charging","22","100","52.84","10.58","24.0","1","204","30","","-6"
"10:12:51 PM","online","0","","Charging","22","100","53.28","10.69","24.2","1","205","30","","-6"
"10:13:50 PM","online","0","","Charging","22","100","53.28","10.69","24.0","1","205","30","","-6"
"10:14:53 PM","online","0","","Charging","22","100","53.73","10.79","24.1","1","206","30","","-6"
"10:15:49 PM","","0","Tesla API Token Refreshed","","","","","","","","","","",""
"10:16:51 PM","online","0","","Charging","23","100","55.06","11.11","24.0","1","204","30","","-6"
"10:17:51 PM","online","0","","Charging","23","100","55.06","11.11","24.2","1","205","30","","-6"
"10:18:50 PM","online","0","","Charging","23","100","55.5","11.21","24.2","1","206","30","","-6"
"10:19:51 PM","online","0","","Charging","23","100","55.95","11.32","24.0","1","204","30","","-6"
"10:20:51 PM","online","0","","Charging","23","100","56.39","11.53","24.2","1","206","30","","-6"
"10:21:52 PM","online","0","","Charging","24","100","56.83","11.53","24.1","1","206","30","","-6"
"10:22:50 PM","online","0","","Charging","24","100","57.28","11.63","24.2","1","206","30","","-6"
"10:23:51 PM","online","0","","Charging","24","100","57.72","11.74","24.0","1","204","30","","-6"
"10:24:51 PM","online","0","","Charging","24","100","57.72","11.74","24.2","1","206","30","","-6"
"10:25:50 PM","online","0","","Charging","24","100","58.17","11.84","24.0","1","205","30","","-6"
"10:26:51 PM","online","0","","Charging","24","100","59.05","12.05","24.0","1","205","30","","-6"
"10:27:51 PM","online","0","","Charging","25","100","59.5","12.16","24.2","1","206","30","","-6"
"10:28:52 PM","online","0","","Charging","25","100","59.5","12.16","24.0","1","204","30","","-6"
"10:29:51 PM","online","0","","Charging","25","100","59.94","12.26","24.2","1","205","30","","-6"
"10:30:50 PM","online","0","","Charging","25","100","60.39","12.47","24.0","1","204","30","","-6"
"10:31:51 PM","online","0","","Charging","25","100","61.27","12.57","24.2","1","206","30","","-6"
"10:32:50 PM","online","0","","Charging","25","100","61.27","12.57","24.2","1","205","30","","-6"
"10:33:51 PM","online","0","","Charging","26","100","61.72","12.68","24.2","1","206","30","","-6"
"10:34:51 PM","online","0","","Charging","26","100","62.16","12.78","24.2","1","206","30","","-6"
"10:35:50 PM","online","0","","Charging","26","100","62.16","12.78","24.2","1","206","30","","-6"
"10:36:51 PM","online","0","","Charging","26","100","62.61","12.89","24.0","1","205","30","","-6"
"10:37:50 PM","online","0","","Charging","26","100","63.49","13.1","24.0","1","204","30","","-6"
"10:38:51 PM","online","0","","Charging","27","100","63.94","13.2","24.0","1","204","30","","-6"
"10:39:51 PM","online","0","","Charging","27","100","63.94","13.2","24.0","1","205","30","","-6"
"10:40:50 PM","online","0","","Charging","27","100","64.38","13.31","24.2","1","206","30","","-6"
"10:41:51 PM","online","0","","Charging","27","100","64.83","13.52","24.2","1","206","30","","-6"
"10:42:50 PM","online","0","","Charging","27","100","65.71","13.62","24.2","1","205","30","","-6"
"10:43:50 PM","online","0","","Charging","27","100","65.71","13.62","24.0","1","204","30","","-6"
"10:44:48 PM","online","0","","Charging","27","100","66.16","13.73","24.0","1","204","30","","-6"
"10:45:50 PM","online","0","","Charging","28","100","66.6","13.83","24.0","1","204","30","","-6"
"10:46:51 PM","online","0","","Charging","28","100","67.05","13.94","24.0","1","205","30","","-6"
"10:47:50 PM","online","0","","Charging","28","100","67.49","14.04","24.1","1","204","30","","-6"
"10:48:48 PM","online","0","","Charging","28","100","67.93","14.15","24.1","1","205","30","","-6"
"10:49:49 PM","online","0","","Charging","28","100","68.38","14.25","24.0","1","204","30","","-6"
"10:50:50 PM","online","0","","Charging","28","100","68.38","14.25","24.2","1","205","30","","-6"
"10:51:49 PM","online","0","","Charging","29","100","68.82","14.36","24.0","1","204","30","","-6"
"10:52:50 PM","online","0","","Charging","29","100","69.27","14.46","24.0","1","204","30","","-6"
"10:53:51 PM","online","0","","Charging","29","100","70.15","14.67","24.0","1","204","30","","-6"
"10:54:50 PM","online","0","","Charging","29","100","70.15","14.67","24.2","1","206","30","","-6"
"10:55:50 PM","online","0","","Charging","29","100","70.6","14.78","24.0","1","205","30","","-6"
"10:56:50 PM","online","0","","Charging","29","100","71.04","14.88","24.2","1","205","30","","-6"
"10:57:50 PM","online","0","","Charging","30","100","71.93","15.09","24.2","1","206","30","","-6"
"10:58:50 PM","online","0","","Charging","30","100","71.49","14.98","24.0","1","204","30","","-6"
"10:59:50 PM","online","0","","Charging","30","100","72.37","15.19","24.2","1","206","30","","-6"
"11:00:50 PM","online","0","","Charging","30","100","72.82","15.3","24.2","1","205","30","","-6"
"11:01:51 PM","online","0","","Charging","30","100","73.26","15.4","24.2","1","206","30","","-6"
"11:02:50 PM","online","0","","Charging","30","100","73.26","15.4","24.0","1","205","30","","-6"
"11:03:50 PM","online","0","","Charging","31","100","73.71","15.51","24.0","1","205","30","","-6"
"11:04:50 PM","online","0","","Charging","31","100","74.6","15.72","24.2","1","206","30","","-6"
"11:05:50 PM","online","0","","Charging","31","100","74.6","15.72","24.0","1","204","30","","-6"
"11:06:50 PM","online","0","","Charging","31","100","75.04","15.82","24.0","1","204","30","","-6"
"11:07:50 PM","online","0","","Charging","31","100","75.48","15.93","24.0","1","204","30","","-6"
"11:08:50 PM","online","0","","Charging","32","100","76.37","16.14","24.0","1","204","30","","-6"
"11:09:51 PM","online","0","","Charging","31","100","75.93","16.03","24.0","1","204","30","","-6"
"11:10:50 PM","online","0","","Charging","32","100","76.82","16.24","24.1","1","205","30","","-6"
"11:11:50 PM","online","0","","Charging","32","100","77.26","16.35","24.1","1","205","30","","-6"
"11:12:50 PM","online","0","","Charging","32","100","77.7","16.45","24.0","1","205","30","","-6"
"11:13:48 PM","online","0","","Charging","32","100","77.7","16.45","24.0","1","205","30","","-6"
"11:14:50 PM","online","0","","Charging","33","100","78.59","16.66","24.0","1","204","30","","-6"
"11:15:50 PM","online","0","","Charging","33","100","79.04","16.77","24.0","1","205","30","","-6"
"11:16:50 PM","online","0","","Charging","33","100","79.04","16.77","24.0","1","204","30","","-6"
"11:17:51 PM","online","0","","Charging","33","100","79.48","16.87","24.1","1","205","30","","-6"
"11:18:50 PM","online","0","","Charging","33","100","79.92","16.98","24.0","1","204","30","","-6"
"11:19:48 PM","online","0","","Charging","34","100","80.81","17.19","24.0","1","203","30","","-6"
"11:20:49 PM","online","0","","Charging","33","100","80.37","17.19","24.0","1","204","30","","-6"
"11:21:51 PM","online","0","","Charging","34","100","81.26","17.29","24.0","1","204","30","","-6"
"11:22:49 PM","online","0","","Charging","34","100","81.7","17.39","24.0","1","203","30","","-6"
"11:23:50 PM","online","0","","Charging","34","100","82.14","17.5","24.0","1","204","30","","-6"
"11:24:50 PM","online","0","","Charging","34","100","82.14","17.5","24.0","1","204","30","","-6"
"11:25:49 PM","online","0","","Charging","34","100","82.59","17.6","24.0","1","203","30","","-6"
"11:26:50 PM","online","0","","Charging","35","100","83.48","17.81","24.0","1","203","30","","-6"
"11:27:50 PM","online","0","","Charging","35","100","83.92","17.92","24.0","1","203","30","","-6"
"11:28:50 PM","online","0","","Charging","35","100","83.92","17.92","24.0","1","203","30","","-6"
"11:29:50 PM","online","0","","Charging","35","100","84.36","18.02","24.0","1","205","30","","-6"
"11:30:50 PM","online","0","","Charging","35","100","84.81","18.13","24.0","1","203","30","","-6"
"11:31:51 PM","online","0","","Charging","36","100","85.7","18.34","24.0","1","203","30","","-6"
"11:32:50 PM","online","0","","Charging","36","100","85.7","18.34","24.0","1","203","30","","-6"
"11:33:51 PM","online","0","","Charging","36","100","86.14","18.44","24.0","1","204","30","","-6"
"11:34:51 PM","online","0","","Charging","36","100","86.58","18.55","24.0","1","204","30","","-6"
"11:35:49 PM","online","0","","Charging","36","100","86.58","18.55","24.0","1","203","30","","-6"
"11:36:51 PM","online","0","","Charging","36","100","87.47","18.76","24.0","1","205","30","","-6"
"11:37:49 PM","online","0","","Charging","36","100","87.92","18.86","24.0","1","204","30","","-6"
"11:38:49 PM","online","0","","Charging","37","100","88.36","18.97","24.0","1","204","30","","-6"
"11:39:51 PM","online","0","","Charging","37","100","88.36","18.97","24.0","1","205","30","","-6"
"11:40:50 PM","online","0","","Charging","37","100","88.8","19.07","24.0","1","203","30","","-6"
"11:41:50 PM","online","0","","Charging","37","100","89.25","19.28","24.0","1","205","30","","-6"
"11:42:50 PM","online","0","","Charging","37","100","90.14","19.39","23.9","1","203","30","","-6"
"11:43:51 PM","online","0","","Charging","37","100","90.14","19.39","24.0","1","205","30","","-6"
"11:44:51 PM","online","0","","Charging","38","100","90.58","19.49","24.0","1","204","30","","-6"
"11:45:50 PM","online","0","","Charging","38","100","91.02","19.6","24.0","1","204","30","","-6"
"11:46:50 PM","online","0","","Charging","38","100","91.02","19.6","23.9","1","203","30","","-6"
"11:47:51 PM","online","0","","Charging","38","100","91.91","19.8","24.0","1","204","30","","-6"
"11:48:50 PM","online","0","","Charging","38","100","92.36","19.91","23.9","1","205","30","","-6"
"11:49:49 PM","online","0","","Charging","38","100","92.8","20.01","24.0","1","204","30","","-6"
"11:50:50 PM","online","0","","Charging","38","100","92.8","20.01","23.9","1","204","30","","-6"
"11:51:50 PM","online","0","","Charging","39","100","93.24","20.12","24.0","1","204","30","","-6"
"11:52:49 PM","online","0","","Charging","39","100","93.69","20.22","24.0","1","204","30","","-6"
"11:53:51 PM","online","0","","Charging","39","100","94.58","20.43","24.0","1","204","30","","-6"
"11:54:50 PM","online","0","","Charging","39","100","94.58","20.43","24.0","1","204","30","","-6"
"11:55:50 PM","online","0","","Charging","39","100","95.02","20.54","24.0","1","204","30","","-6"
"11:56:50 PM","online","0","","Charging","40","100","95.46","20.64","24.0","1","204","30","","-6"
"11:57:49 PM","online","0","","Charging","40","100","95.91","20.75","23.9","1","205","30","","-6"
"11:58:49 PM","online","0","","Charging","40","100","95.91","20.75","24.0","1","204","30","","-6"
"11:59:49 PM","online","0","","Charging","40","100","96.8","20.96","24.0","1","203","30","","-6"
"12:00:49 AM","online","0","","Charging","40","100","97.24","21.06","24.0","1","203","30","","-6"
"12:01:50 AM","online","0","","Charging","41","100","97.24","21.06","24.0","1","204","30","","-6"
"12:02:51 AM","online","0","","Charging","41","100","97.68","21.17","24.0","1","203","30","","-6"
"12:03:49 AM","online","0","","Charging","41","100","98.13","21.38","24.0","1","204","30","","-6"
"12:04:52 AM","online","0","","Charging","41","100","99.02","21.48","24.0","1","204","30","","-6"
"12:05:50 AM","online","0","","Charging","41","100","99.02","21.48","24.0","1","204","30","","-6"
"12:06:49 AM","online","0","","Charging","41","100","99.46","21.59","24.0","1","203","30","","-6"
"12:07:50 AM","online","0","","Charging","41","100","99.9","21.69","24.0","1","205","30","","-6"
"12:08:50 AM","online","0","","Charging","42","100","100.79","21.9","24.0","1","205","30","","-6"
"12:09:51 AM","online","0","","Charging","42","100","100.79","21.9","24.0","1","205","30","","-6"
"12:10:50 AM","online","0","","Charging","42","100","101.24","22.01","24.0","1","204","30","","-6"
"12:11:50 AM","online","0","","Charging","42","100","101.68","22.11","24.0","1","204","30","","-6"
"12:12:50 AM","online","0","","Charging","42","100","101.68","22.11","24.0","1","205","30","","-6"
"12:13:51 AM","online","0","","Charging","42","100","102.12","22.22","24.0","1","205","30","","-6"
"12:14:49 AM","online","0","","Charging","43","100","103.01","22.42","24.0","1","204","30","","-6"
"12:15:49 AM","online","0","","Charging","43","100","103.46","22.53","23.9","1","204","30","","-6"
"12:16:50 AM","online","0","","Charging","43","100","103.46","22.53","24.0","1","204","30","","-6"
"12:17:49 AM","online","0","","Charging","43","100","103.9","22.63","24.0","1","204","30","","-6"
"12:18:49 AM","online","0","","Charging","43","100","104.34","22.74","24.0","1","204","30","","-6"
"12:19:50 AM","online","0","","Charging","43","100","104.79","22.84","24.2","1","205","30","","-6"
"12:20:51 AM","online","0","","Charging","43","100","104.79","22.84","24.0","1","205","30","","-6"
"12:21:49 AM","online","0","","Charging","44","100","105.68","23.05","24.1","1","205","30","","-6"
"12:22:49 AM","online","0","","Charging","44","100","106.12","23.16","24.0","1","205","30","","-6"
"12:23:48 AM","online","0","","Charging","44","100","106.56","23.26","24.0","1","204","30","","-6"
"12:24:49 AM","online","0","","Charging","44","100","106.56","23.26","24.0","1","204","30","","-6"
"12:25:48 AM","online","0","","Charging","45","100","107.01","23.37","24.0","1","204","30","","-6"
"12:26:50 AM","online","0","","Charging","45","100","107.9","23.58","23.9","1","205","30","","-6"
"12:27:50 AM","online","0","","Charging","45","100","107.9","23.58","24.0","1","204","30","","-6"
"12:28:50 AM","online","0","","Charging","45","100","108.34","23.68","24.0","1","205","30","","-6"
"12:29:49 AM","online","0","","Charging","45","100","108.78","23.79","24.0","1","204","30","","-6"
"12:30:49 AM","online","0","","Charging","45","100","109.23","23.89","24.0","1","204","30","","-6"
"12:31:50 AM","online","0","","Charging","46","100","109.23","23.89","24.0","1","205","30","","-6"
"12:32:49 AM","online","0","","Charging","46","100","110.12","24.1","24.0","1","205","30","","-6"
"12:33:50 AM","online","0","","Charging","46","100","110.56","24.21","24.0","1","205","30","","-6"
"12:34:50 AM","online","0","","Charging","46","100","111.0","24.31","24.0","1","205","30","","-6"
"12:35:49 AM","online","0","","Charging","46","100","111.0","24.31","23.9","1","205","30","","-6"
"12:36:49 AM","online","0","","Charging","46","100","111.89","24.52","24.0","1","204","30","","-6"
"12:37:50 AM","online","0","","Charging","47","100","112.34","24.63","24.0","1","204","30","","-6"
"12:38:52 AM","online","0","","Charging","47","100","112.78","24.73","24.0","1","204","30","","-6"
"12:39:49 AM","online","0","","Charging","47","100","112.78","24.73","23.9","1","204","30","","-6"
"12:40:49 AM","online","0","","Charging","47","100","113.22","24.83","24.0","1","203","30","","-6"
"12:41:50 AM","online","0","","Charging","47","100","113.67","24.94","24.0","1","204","30","","-6"
"12:42:49 AM","online","0","","Charging","48","100","113.67","24.94","24.0","1","204","30","","-6"
"12:43:49 AM","online","0","","Charging","48","100","114.56","25.15","24.1","1","205","30","","-6"
"12:44:50 AM","online","0","","Charging","48","100","115.0","25.25","24.0","1","203","30","","-6"
"12:45:50 AM","online","0","","Charging","48","100","115.44","25.36","24.0","1","205","30","","-6"
"12:46:50 AM","online","0","","Charging","48","100","115.44","25.36","24.0","1","205","30","","-6"
"12:47:49 AM","online","0","","Charging","48","100","115.89","25.46","24.0","1","205","30","","-6"
"12:48:49 AM","online","0","","Charging","48","100","116.78","25.67","24.0","1","205","30","","-6"
"12:49:49 AM","online","0","","Charging","49","100","117.22","25.78","24.0","1","204","30","","-6"
"12:50:49 AM","online","0","","Charging","49","100","117.22","25.78","24.0","1","205","30","","-6"
"12:51:48 AM","online","0","","Charging","49","100","117.66","25.88","24.0","1","203","30","","-6"
"12:52:48 AM","online","0","","Charging","49","100","118.11","25.99","24.0","1","205","30","","-6"
"12:53:49 AM","online","0","","Charging","49","100","119.0","26.2","24.0","1","205","30","","-6"
"12:54:47 AM","online","0","","Charging","49","100","119.0","26.2","24.0","1","203","30","","-6"
"12:55:49 AM","online","0","","Charging","50","100","119.44","26.3","24.0","1","205","30","","-6"
"12:56:48 AM","online","0","","Charging","50","100","119.88","26.41","24.0","1","204","30","","-6"
"12:57:49 AM","online","0","","Charging","50","100","119.88","26.41","24.0","1","205","30","","-6"
"12:58:48 AM","online","0","","Charging","50","100","120.77","26.62","24.0","1","203","30","","-6"
"12:59:48 AM","online","0","","Charging","50","100","121.22","26.72","24.0","1","204","30","","-6"
"1:00:49 AM","online","0","","Charging","50","100","121.66","26.83","24.0","1","203","30","","-6"
"1:01:48 AM","online","0","","Charging","51","100","121.66","26.83","24.0","1","204","30","","-6"
"1:02:49 AM","online","0","","Charging","51","100","122.1","26.93","24.0","1","203","30","","-6"
"1:03:49 AM","online","0","","Charging","51","100","122.99","27.14","24.0","1","204","30","","-6"
"1:04:49 AM","online","0","","Charging","51","100","123.44","27.24","24.0","1","203","30","","-6"
"1:05:49 AM","online","0","","Charging","51","100","123.44","27.24","24.0","1","203","30","","-6"
"1:06:50 AM","online","0","","Charging","51","100","123.88","27.35","23.9","1","204","30","","-6"
"1:07:50 AM","online","0","","Charging","52","100","124.33","27.45","24.0","1","204","30","","-6"
"1:08:48 AM","online","0","","Charging","52","100","124.77","27.56","24.0","1","204","30","","-6"
"1:09:49 AM","online","0","","Charging","52","100","125.21","27.66","23.9","1","204","30","","-6"
"1:10:49 AM","online","0","","Charging","52","100","125.66","27.77","24.0","1","203","30","","-6"
"1:11:50 AM","online","0","","Charging","52","100","126.1","27.87","24.0","1","203","30","","-6"
"1:12:48 AM","online","0","","Charging","52","100","126.1","27.87","24.0","1","204","30","","-6"
"1:13:49 AM","online","0","","Charging","52","100","126.55","27.98","24.0","1","204","30","","-6"
"1:14:48 AM","online","0","","Charging","53","100","126.99","28.08","24.0","1","203","30","","-6"
"1:15:49 AM","online","0","","Charging","53","100","127.88","28.29","23.9","1","204","30","","-6"
"1:16:47 AM","online","0","","Charging","53","100","127.88","28.29","24.0","1","203","30","","-6"
"1:17:48 AM","online","0","","Charging","53","100","128.32","28.4","24.0","1","204","30","","-6"
"1:18:49 AM","online","0","","Charging","53","100","128.77","28.5","24.0","1","203","30","","-6"
"1:19:48 AM","online","0","","Charging","54","100","129.21","28.71","24.0","1","203","30","","-6"
"1:20:48 AM","online","0","","Charging","54","100","129.21","28.61","24.0","1","203","30","","-6"
"1:21:48 AM","online","0","","Charging","54","100","130.1","28.82","24.0","1","204","30","","-6"
"1:22:49 AM","online","0","","Charging","54","100","130.54","28.92","24.0","1","204","30","","-6"
"1:23:48 AM","online","0","","Charging","54","100","130.99","29.03","24.0","1","204","30","","-6"
"1:24:49 AM","online","0","","Charging","54","100","130.99","29.03","24.0","1","204","30","","-6"
"1:25:49 AM","online","0","","Charging","55","100","131.43","29.24","24.0","1","204","30","","-6"
"1:26:48 AM","online","0","","Charging","55","100","132.32","29.34","24.0","1","203","30","","-6"
"1:27:48 AM","online","0","","Charging","55","100","132.32","29.34","24.0","1","205","30","","-6"
"1:28:48 AM","online","0","","Charging","55","100","132.76","29.45","24.0","1","205","30","","-6"
"1:29:50 AM","online","0","","Charging","55","100","133.21","29.55","24.0","1","203","30","","-6"
"1:30:48 AM","online","0","","Charging","56","100","133.65","29.66","24.0","1","203","30","","-6"
"1:31:50 AM","online","0","","Charging","56","100","134.09","29.76","23.9","1","204","30","","-6"
"1:32:50 AM","online","0","","Charging","56","100","134.54","29.86","24.0","1","204","30","","-6"
"1:33:49 AM","online","0","","Charging","56","100","134.98","29.97","23.9","1","204","30","","-6"
"1:34:48 AM","online","0","","Charging","56","100","135.43","30.07","24.0","1","204","30","","-6"
"1:35:49 AM","online","0","","Charging","56","100","135.43","30.07","24.0","1","203","30","","-6"
"1:36:49 AM","online","0","","Charging","56","100","135.87","30.28","24.0","1","204","30","","-6"
"1:37:48 AM","online","0","","Charging","57","100","136.76","30.39","24.0","1","204","30","","-6"
"1:38:49 AM","online","0","","Charging","57","100","137.2","30.49","24.0","1","204","30","","-6"
"1:39:48 AM","online","0","","Charging","57","100","137.2","30.49","24.0","1","204","30","","-6"
"1:40:50 AM","online","0","","Charging","57","100","137.65","30.6","23.9","1","203","30","","-6"
"1:41:49 AM","online","0","","Charging","57","100","138.09","30.7","24.0","1","204","30","","-6"
"1:42:50 AM","online","0","","Charging","58","100","138.98","30.91","24.0","1","204","30","","-6"
"1:43:48 AM","online","0","","Charging","58","100","138.98","30.91","24.0","1","205","30","","-6"
"1:44:48 AM","online","0","","Charging","58","100","139.42","31.02","24.0","1","204","30","","-6"
"1:45:46 AM","online","0","","Charging","58","100","139.87","31.12","24.0","1","205","30","","-6"
"1:46:47 AM","online","0","","Charging","58","100","139.87","31.12","24.0","1","203","30","","-6"
"1:47:48 AM","online","0","","Charging","58","100","140.75","31.33","24.0","1","204","30","","-6"
"1:48:46 AM","online","0","","Charging","59","100","141.2","31.44","24.0","1","204","30","","-6"
"1:49:47 AM","online","0","","Charging","59","100","141.64","31.54","24.0","1","205","30","","-6"
"1:50:48 AM","online","0","","Charging","59","100","141.64","31.54","24.0","1","205","30","","-6"
"1:51:47 AM","online","0","","Charging","59","100","142.09","31.65","24.0","1","204","30","","-6"
"1:52:46 AM","online","0","","Charging","59","100","142.53","31.86","24.0","1","204","30","","-6"
"1:53:47 AM","online","0","","Charging","59","100","143.42","31.96","24.0","1","203","30","","-6"
"1:54:48 AM","online","0","","Charging","59","100","143.42","31.96","24.0","1","204","30","","-6"
"1:55:48 AM","online","0","","Charging","60","100","143.86","32.07","24.0","1","203","30","","-6"
"1:56:46 AM","online","0","","Charging","60","100","144.31","32.17","24.0","1","204","30","","-6"
"1:57:48 AM","online","0","","Charging","60","100","144.75","32.38","24.1","1","205","30","","-6"
"1:58:46 AM","online","0","","Charging","60","100","144.75","32.27","24.0","1","203","30","","-6"
"1:59:46 AM","online","0","","Charging","60","100","145.64","32.48","24.0","1","204","30","","-6"
"2:00:47 AM","online","0","","Charging","61","100","146.08","32.59","24.0","1","205","30","","-6"
"2:01:47 AM","online","0","","Charging","61","100","146.53","32.69","24.0","1","205","30","","-6"
"2:02:48 AM","online","0","","Charging","61","100","146.53","32.69","24.0","1","204","30","","-6"
"2:03:44 AM","online","0","","Charging","61","100","146.97","32.8","24.0","1","205","30","","-6"
"2:04:46 AM","online","0","","Charging","61","100","147.86","33.01","24.1","1","205","30","","-6"
"2:05:46 AM","online","0","","Charging","62","100","147.86","33.01","24.0","1","204","30","","-6"
"2:06:46 AM","online","0","","Charging","62","100","148.3","33.11","24.1","1","205","30","","-6"
"2:07:45 AM","online","0","","Charging","62","100","148.75","33.22","24.0","1","204","30","","-6"
"2:08:47 AM","online","0","","Charging","62","100","149.19","33.32","24.0","1","204","30","","-6"
"2:09:45 AM","online","0","","Charging","62","100","149.63","33.43","24.0","1","204","30","","-6"
"2:10:46 AM","online","0","","Charging","62","100","150.08","33.53","24.1","1","205","30","","-6"
"2:11:46 AM","online","0","","Charging","62","100","150.52","33.64","24.0","1","204","30","","-6"
"2:12:45 AM","online","0","","Charging","63","100","150.97","33.74","24.0","1","204","30","","-6"
"2:13:45 AM","online","0","","Charging","63","100","150.97","33.74","24.0","1","204","30","","-6"
"2:14:45 AM","online","0","","Charging","63","100","151.41","33.95","24.0","1","204","30","","-6"
"2:15:47 AM","online","0","","Charging","63","100","152.3","34.06","24.1","1","205","30","","-6"
"2:16:46 AM","online","0","","Charging","63","100","152.74","34.16","24.0","1","204","30","","-6"
"2:17:46 AM","online","0","","Charging","63","100","152.74","34.16","24.0","1","204","30","","-6"
"2:18:46 AM","online","0","","Charging","64","100","153.19","34.27","24.0","1","203","30","","-6"
"2:19:46 AM","online","0","","Charging","64","100","153.63","34.37","24.1","1","205","30","","-6"
"2:20:46 AM","online","0","","Charging","64","100","154.52","34.58","24.1","1","205","30","","-6"
"2:21:45 AM","online","0","","Charging","64","100","154.52","34.58","24.0","1","204","30","","-6"
"2:22:46 AM","online","0","","Charging","64","100","154.96","34.68","24.0","1","204","30","","-6"
"2:23:45 AM","online","0","","Charging","64","100","155.41","34.79","24.0","1","204","30","","-6"
"2:24:45 AM","online","0","","Charging","65","100","155.85","34.89","24.1","1","205","30","","-6"
"2:25:45 AM","online","0","","Charging","65","100","156.29","35.0","24.1","1","205","30","","-6"
"2:26:46 AM","online","0","","Charging","65","100","156.74","35.1","24.2","1","205","30","","-6"
"2:27:46 AM","online","0","","Charging","65","100","157.18","35.21","24.0","1","204","30","","-6"
"2:28:45 AM","online","0","","Charging","65","100","157.18","35.21","24.1","1","205","30","","-6"
"2:29:46 AM","online","0","","Charging","65","100","157.63","35.31","24.2","1","206","30","","-6"
"2:30:45 AM","online","0","","Charging","66","100","158.07","35.42","24.0","1","204","30","","-6"
"2:31:46 AM","online","0","","Charging","66","100","158.96","35.63","24.2","1","205","30","","-6"
"2:32:45 AM","online","0","","Charging","66","100","158.96","35.63","24.0","1","205","30","","-6"
"2:33:46 AM","online","0","","Charging","66","100","159.4","35.73","24.1","1","205","30","","-6"
"2:34:47 AM","online","0","","Charging","66","100","159.85","35.84","24.0","1","205","30","","-6"
"2:35:46 AM","online","0","","Charging","66","100","160.29","35.94","24.2","1","205","30","","-6"
"2:36:46 AM","online","0","","Charging","67","100","160.29","35.94","24.1","1","206","30","","-6"
"2:37:47 AM","online","0","","Charging","67","100","161.18","36.15","24.1","1","204","30","","-6"
"2:38:47 AM","online","0","","Charging","67","100","161.62","36.26","24.0","1","204","30","","-6"
"2:39:46 AM","online","0","","Charging","67","100","162.07","36.36","24.0","1","204","30","","-6"
"2:40:47 AM","online","0","","Charging","68","100","162.07","36.36","24.0","1","204","30","","-6"
"2:41:46 AM","online","0","","Charging","68","100","162.95","36.57","24.2","1","205","30","","-6"
"2:42:46 AM","online","0","","Charging","68","100","163.4","36.68","24.2","1","205","30","","-6"
"2:43:45 AM","online","0","","Charging","68","100","163.84","36.78","24.2","1","205","30","","-6"
"2:44:47 AM","online","0","","Charging","68","100","163.84","36.78","24.0","1","205","30","","-6"
"2:45:47 AM","online","0","","Charging","68","100","164.29","36.89","24.0","1","204","30","","-6"
"2:46:45 AM","online","0","","Charging","69","100","165.17","37.1","24.2","1","206","30","","-6"
"2:47:47 AM","online","0","","Charging","69","100","165.62","37.2","24.1","1","205","30","","-6"
"2:48:47 AM","online","0","","Charging","69","100","165.62","37.2","24.1","1","205","30","","-6"
"2:49:45 AM","online","0","","Charging","69","100","166.06","37.3","23.9","1","204","30","","-6"
"2:50:44 AM","online","0","","Charging","69","100","166.51","37.41","24.1","1","205","30","","-6"
"2:51:45 AM","online","0","","Charging","69","100","166.51","37.41","24.0","1","204","30","","-6"
"2:52:45 AM","online","0","","Charging","69","100","166.95","37.51","24.2","1","205","30","","-6"
"2:53:43 AM","online","0","","Charging","70","100","167.84","37.72","24.0","1","204","30","","-6"
"2:54:44 AM","online","0","","Charging","70","100","168.28","37.83","24.0","1","204","30","","-6"
"2:55:45 AM","online","0","","Charging","70","100","168.28","37.83","24.0","1","204","30","","-6"
"2:56:44 AM","online","0","","Charging","70","100","168.73","37.93","24.2","1","206","30","","-6"
"2:57:44 AM","online","0","","Charging","70","100","169.17","38.04","24.0","1","204","30","","-6"
"2:58:43 AM","online","0","","Charging","71","100","170.06","38.25","24.1","1","206","30","","-6"
"2:59:45 AM","online","0","","Charging","71","100","170.06","38.25","24.0","1","204","30","","-6"
"3:00:44 AM","online","0","","Charging","71","100","170.5","38.35","24.1","1","205","30","","-6"
"3:01:43 AM","online","0","","Charging","71","100","170.95","38.46","24.0","1","205","30","","-6"
"3:02:45 AM","online","0","","Charging","71","100","171.83","38.67","24.0","1","204","30","","-6"
"3:03:46 AM","online","0","","Charging","71","100","171.39","38.56","24.0","1","204","30","","-6"
"3:04:43 AM","online","0","","Charging","71","100","172.28","38.77","24.0","1","204","30","","-6"
"3:05:44 AM","online","0","","Charging","72","100","172.72","38.88","24.0","1","204","30","","-6"
"3:06:47 AM","online","0","","Charging","72","100","173.17","38.98","24.0","1","204","30","","-6"
"3:07:43 AM","online","0","","Charging","72","100","173.17","38.98","23.9","1","204","30","","-6"
"3:08:43 AM","online","0","","Charging","72","100","173.61","39.09","24.0","1","204","30","","-6"
"3:09:44 AM","online","0","","Charging","72","100","174.5","39.3","24.0","1","205","30","","-6"
"3:10:46 AM","online","0","","Charging","73","100","174.5","39.3","24.0","1","204","30","","-6"
"3:11:43 AM","online","0","","Charging","73","100","174.94","39.4","24.1","1","205","30","","-6"
"3:12:43 AM","online","0","","Charging","73","100","175.39","39.51","24.0","1","204","30","","-6"
"3:13:44 AM","online","0","","Charging","73","100","175.83","39.71","24.0","1","204","30","","-6"
"3:14:43 AM","online","0","","Charging","73","100","176.28","39.71","24.2","1","205","30","","-6"
"3:15:43 AM","online","0","","Charging","73","100","176.72","39.82","24.0","1","204","30","","-6"
"3:16:44 AM","online","0","","Charging","73","100","177.16","39.92","24.1","1","205","30","","-6"
"3:17:43 AM","online","0","","Charging","74","100","177.61","40.03","24.0","1","205","30","","-6"
"3:18:44 AM","online","0","","Charging","74","100","177.61","40.03","24.1","1","205","30","","-6"
"3:19:42 AM","online","0","","Charging","74","100","178.05","40.13","24.0","1","204","30","","-6"
"3:20:43 AM","online","0","","Charging","74","100","178.94","40.34","24.0","1","204","30","","-6"
"3:21:44 AM","online","0","","Charging","74","100","179.38","40.45","24.0","1","204","30","","-6"
"3:22:44 AM","online","0","","Charging","75","100","179.38","40.45","24.0","1","204","30","","-6"
"3:23:42 AM","online","0","","Charging","75","100","179.83","40.55","24.0","1","204","30","","-6"
"3:24:43 AM","online","0","","Charging","75","100","180.27","40.66","24.0","1","204","30","","-6"
"3:25:43 AM","online","0","","Charging","75","100","180.27","40.66","24.0","1","205","30","","-6"
"3:26:43 AM","online","0","","Charging","75","100","181.16","40.87","24.1","1","206","30","","-6"
"3:27:44 AM","online","0","","Charging","75","100","181.6","40.97","24.0","1","204","30","","-6"
"3:28:43 AM","online","0","","Charging","76","100","182.05","41.08","24.1","1","205","30","","-6"
"3:29:43 AM","online","0","","Charging","76","100","182.05","41.08","24.0","1","204","30","","-6"
"3:30:43 AM","online","0","","Charging","76","100","182.49","41.29","24.0","1","204","30","","-6"
"3:31:44 AM","online","0","","Charging","76","100","183.38","41.39","24.0","1","204","30","","-6"
"3:32:44 AM","online","0","","Charging","76","100","183.82","41.5","24.1","1","205","30","","-6"
"3:33:43 AM","online","0","","Charging","76","100","183.82","41.5","24.1","1","206","30","","-6"
"3:34:43 AM","online","0","","Charging","76","100","184.27","41.6","24.1","1","205","30","","-6"
"3:35:45 AM","online","0","","Charging","77","100","184.71","41.81","24.2","1","206","30","","-6"
"3:36:44 AM","online","0","","Charging","77","100","185.6","41.92","24.2","1","205","30","","-6"
"3:37:44 AM","online","0","","Charging","77","100","185.6","41.92","24.0","1","205","30","","-6"
"3:38:45 AM","online","0","","Charging","77","100","186.04","42.02","24.2","1","205","30","","-6"
"3:39:44 AM","online","0","","Charging","77","100","186.49","42.12","24.1","1","205","30","","-6"
"3:40:43 AM","online","0","","Charging","78","100","186.93","42.33","24.0","1","204","30","","-6"
"3:41:43 AM","online","0","","Charging","78","100","186.93","42.23","24.0","1","204","30","","-6"
"3:42:43 AM","online","0","","Charging","78","100","187.82","42.44","24.0","1","204","30","","-6"
"3:43:45 AM","online","0","","Charging","78","100","188.26","42.54","24.0","1","204","30","","-6"
"3:44:43 AM","online","0","","Charging","78","100","188.71","42.65","24.0","1","204","30","","-6"
"3:45:45 AM","online","0","","Charging","78","100","188.71","42.65","24.0","1","205","30","","-6"
"3:46:43 AM","online","0","","Charging","79","100","189.15","42.75","24.1","1","205","30","","-6"
"3:47:44 AM","online","0","","Charging","79","100","190.04","42.96","24.0","1","204","30","","-6"
"3:48:42 AM","online","0","","Charging","79","100","190.04","42.96","24.0","1","204","30","","-6"
"3:49:43 AM","online","0","","Charging","79","100","190.48","43.07","24.0","1","204","30","","-6"
"3:50:43 AM","online","0","","Charging","79","100","190.93","43.17","24.0","1","204","30","","-6"
"3:51:41 AM","online","0","","Charging","79","100","191.37","43.38","24.1","1","205","30","","-6"
"3:52:42 AM","online","0","","Charging","80","100","192.26","43.49","24.0","1","204","30","","-6"
"3:53:43 AM","online","0","","Charging","80","100","192.26","43.49","24.0","1","204","30","","-6"
"3:54:43 AM","online","0","","Charging","80","100","192.7","43.59","24.1","1","205","30","","-6"
"3:55:44 AM","online","0","","Charging","80","100","193.15","43.7","24.0","1","204","30","","-6"
"3:56:43 AM","online","0","","Charging","80","100","193.15","43.7","23.9","1","205","30","","-6"
"3:57:43 AM","online","0","","Charging","80","100","193.59","43.91","24.0","1","204","30","","-6"
"3:58:42 AM","online","0","","Charging","81","100","194.48","44.01","24.0","1","204","30","","-6"
"3:59:43 AM","online","0","","Charging","81","100","194.92","44.12","24.1","1","205","30","","-6"
"4:00:43 AM","online","0","","Charging","81","100","194.92","44.12","24.1","1","205","30","","-6"
"4:01:44 AM","online","0","","Charging","81","100","195.37","44.22","24.1","1","205","30","","-6"
"4:02:42 AM","online","0","","Charging","81","100","195.81","44.33","24.0","1","205","30","","-6"
"4:03:42 AM","online","0","","Charging","82","100","196.7","44.53","24.0","1","204","30","","-6"
"4:04:43 AM","online","0","","Charging","82","100","196.7","44.53","24.0","1","204","30","","-6"
"4:05:43 AM","online","0","","Charging","82","100","197.14","44.64","24.0","1","204","30","","-6"
"4:06:43 AM","online","0","","Charging","82","100","197.59","44.74","24.0","1","204","30","","-6"
"4:07:44 AM","online","0","","Charging","82","100","198.03","44.95","24.2","1","206","30","","-6"
"4:08:43 AM","online","0","","Charging","83","100","198.48","44.95","24.0","1","204","30","","-6"
"4:09:43 AM","online","0","","Charging","83","100","198.92","45.06","24.0","1","204","30","","-6"
"4:10:42 AM","online","0","","Charging","83","100","199.36","45.16","24.0","1","204","30","","-6"
"4:11:42 AM","online","0","","Charging","83","100","199.36","45.16","24.0","1","204","30","","-6"
"4:12:43 AM","online","0","","Charging","83","100","199.81","45.27","24.0","1","204","30","","-6"
"4:13:41 AM","online","0","","Charging","83","100","200.25","45.37","24.1","1","205","30","","-6"
"4:14:43 AM","online","0","","Charging","83","100","201.14","45.58","24.0","1","204","30","","-6"
"4:15:43 AM","online","0","","Charging","84","100","201.58","45.69","24.0","1","204","30","","-6"
"4:16:42 AM","online","0","","Charging","84","100","201.58","45.69","24.0","1","204","30","","-6"
"4:17:42 AM","online","0","","Charging","84","100","202.03","45.79","24.0","1","204","30","","-6"
"4:18:44 AM","online","0","","Charging","84","100","202.47","45.9","24.0","1","204","30","","-6"
"4:19:41 AM","online","0","","Charging","84","100","202.92","46.0","24.1","1","206","30","","-6"
"4:20:43 AM","online","0","","Charging","84","100","203.36","46.11","24.0","1","204","30","","-6"
"4:21:42 AM","online","0","","Charging","85","100","203.8","46.21","24.0","1","204","30","","-6"
"4:22:42 AM","online","0","","Charging","85","100","204.25","46.32","24.0","1","204","30","","-6"
"4:23:41 AM","online","0","","Charging","85","100","204.25","46.32","24.1","1","206","30","","-6"
"4:24:41 AM","online","0","","Charging","85","100","204.69","46.53","24.2","1","205","30","","-6"
"4:25:42 AM","online","0","","Charging","85","100","205.58","46.63","24.0","1","204","30","","-6"
"4:26:41 AM","online","0","","Charging","85","100","206.02","46.74","24.0","1","205","30","","-6"
"4:27:41 AM","online","0","","Charging","86","100","206.02","46.74","24.1","1","205","30","","-6"
"4:28:41 AM","online","0","","Charging","86","100","206.47","46.84","24.1","1","205","30","","-6"
"4:29:41 AM","online","0","","Charging","86","100","206.91","46.95","24.0","1","204","30","","-6"
"4:30:42 AM","online","0","","Charging","86","100","207.8","47.15","24.1","1","205","30","","-6"
"4:31:42 AM","online","0","","Charging","86","100","207.8","47.15","24.0","1","204","30","","-6"
"4:32:43 AM","online","0","","Charging","86","100","208.24","47.26","24.0","1","204","30","","-6"
"4:33:43 AM","online","0","","Charging","87","100","208.69","47.36","24.0","1","205","30","","-6"
"4:34:44 AM","online","0","","Charging","87","100","209.58","47.57","24.0","1","204","30","","-6"
"4:35:44 AM","online","0","","Charging","87","100","209.13","47.47","24.0","1","204","30","","-6"
"4:36:42 AM","online","0","","Charging","87","100","210.02","47.68","24.0","1","204","30","","-6"
"4:37:43 AM","online","0","","Charging","87","100","210.46","47.78","24.0","1","203","30","","-6"
"4:38:42 AM","online","0","","Charging","87","100","210.91","47.89","24.0","1","204","30","","-6"
"4:39:41 AM","online","0","","Charging","88","100","210.91","47.89","23.9","1","203","30","","-6"
"4:40:42 AM","online","0","","Charging","88","100","211.35","47.99","24.0","1","205","30","","-6"
"4:41:41 AM","online","0","","Charging","88","100","212.24","48.2","24.0","1","205","30","","-6"
"4:42:42 AM","online","0","","Charging","88","100","212.68","48.31","24.0","1","203","30","","-6"
"4:43:43 AM","online","0","","Charging","88","100","212.68","48.31","24.0","1","203","30","","-6"
"4:44:43 AM","online","0","","Charging","88","100","213.13","48.41","24.1","1","205","30","","-6"
"4:45:41 AM","online","0","","Charging","89","100","213.57","48.62","24.0","1","203","30","","-6"
"4:46:42 AM","online","0","","Charging","89","100","213.57","48.52","24.1","1","205","30","","-6"
"4:47:42 AM","online","0","","Charging","89","100","214.46","48.73","24.1","1","205","30","","-6"
"4:48:42 AM","online","0","","Charging","89","100","214.9","48.83","23.9","1","203","30","","-6"
"4:49:42 AM","online","0","","Charging","89","100","215.35","48.94","23.9","1","202","30","","-6"
"4:50:42 AM","online","0","","Charging","90","100","215.35","48.94","23.9","1","203","30","","-6"
"4:51:43 AM","online","0","","Charging","90","100","215.79","49.04","23.9","1","204","30","","-6"
"4:52:43 AM","online","0","","Charging","90","100","216.68","49.25","23.8","1","202","30","","-6"
"4:53:42 AM","online","0","","Charging","90","100","217.12","49.36","23.9","1","202","30","","-6"
"4:54:42 AM","online","0","","Charging","90","100","217.12","49.36","23.9","1","202","30","","-6"
"4:55:42 AM","online","0","","Charging","90","100","217.57","49.46","23.8","1","203","30","","-6"
"4:56:40 AM","online","0","","Charging","90","100","218.01","49.67","23.9","1","203","30","","-6"
"4:57:41 AM","online","0","","Charging","91","100","218.9","49.77","23.9","1","203","30","","-6"
"4:58:40 AM","online","0","","Charging","91","100","218.9","49.77","23.8","1","202","30","","-6"
"4:59:41 AM","online","0","","Charging","91","100","219.34","49.88","23.8","1","202","30","","-6"
"5:00:40 AM","online","0","","Charging","91","100","219.79","49.98","23.8","1","203","30","","-6"
"5:01:40 AM","online","0","","Charging","91","100","219.79","49.98","23.8","1","203","30","","-6"
"5:02:41 AM","online","0","","Charging","91","100","220.23","50.19","23.8","1","202","30","","-6"
"5:03:41 AM","online","0","","Charging","92","100","221.12","50.3","23.7","1","202","30","","-6"
"5:04:41 AM","online","0","","Charging","92","100","221.56","50.4","23.8","1","203","30","","-6"
"5:05:40 AM","online","0","","Charging","92","100","221.56","50.4","23.6","1","201","30","","-6"
"5:06:41 AM","online","0","","Charging","92","100","222.01","50.51","23.6","1","201","30","","-6"
"5:07:40 AM","online","0","","Charging","92","100","222.45","50.72","23.8","1","203","30","","-6"
"5:08:40 AM","online","0","","Charging","93","100","223.34","50.82","23.9","1","202","30","","-6"
"5:09:42 AM","online","0","","Charging","93","100","223.34","50.82","23.5","1","201","30","","-6"
"5:10:41 AM","online","0","","Charging","93","100","223.79","50.93","23.8","1","203","30","","-6"
"5:11:40 AM","online","0","","Charging","93","100","224.23","51.03","23.8","1","202","30","","-6"
"5:12:41 AM","online","0","","Charging","93","100","224.67","51.14","23.6","1","201","30","","-6"
"5:13:42 AM","online","0","","Charging","94","100","225.12","51.24","23.5","1","202","30","","-6"
"5:14:41 AM","online","0","","Charging","94","100","225.56","51.35","23.6","1","201","30","","-6"
"5:15:41 AM","online","0","","Charging","94","100","226.01","51.45","23.8","1","202","30","","-6"
"5:16:41 AM","online","0","","Charging","94","100","226.01","51.45","23.8","1","203","30","","-6"
"5:17:42 AM","online","0","","Charging","94","100","226.45","51.56","23.6","1","201","30","","-6"
"5:18:39 AM","online","0","","Charging","94","100","226.89","51.77","23.6","1","201","30","","-6"
"5:19:40 AM","online","0","","Charging","94","100","227.78","51.87","23.8","1","202","30","","-6"
"5:20:41 AM","online","0","","Charging","95","100","227.78","51.87","23.5","1","201","30","","-6"
"5:21:41 AM","online","0","","Charging","95","100","228.23","51.97","23.5","1","201","30","","-6"
"5:22:40 AM","online","0","","Charging","95","100","228.67","52.08","23.6","1","201","30","","-6"
"5:23:43 AM","online","0","","Charging","95","100","229.11","52.18","23.8","1","203","30","","-6"
"5:24:41 AM","online","0","","Charging","95","100","229.11","52.18","23.7","1","203","30","","-6"
"5:25:39 AM","online","0","","Charging","95","100","230.0","52.39","23.8","1","202","30","","-6"
"5:26:40 AM","online","0","","Charging","96","100","230.45","52.5","23.8","1","203","30","","-6"
"5:27:41 AM","online","0","","Charging","96","100","230.45","52.5","23.7","1","202","30","","-6"
"5:28:40 AM","online","0","","Charging","96","100","230.89","52.6","23.5","1","202","30","","-6"
"5:29:41 AM","online","0","","Charging","96","100","231.33","52.71","23.7","1","202","30","","-6"
"5:30:41 AM","online","0","","Charging","96","100","232.22","52.92","23.8","1","203","30","","-6"
"5:31:41 AM","online","0","","Charging","97","100","232.22","52.92","23.7","1","202","30","","-6"
"5:32:40 AM","online","0","","Charging","97","100","232.67","53.02","23.6","1","202","30","","-6"
"5:33:39 AM","online","0","","Charging","97","100","233.11","53.13","23.7","1","203","30","","-6"
"5:34:42 AM","online","0","","Charging","97","100","233.55","53.23","22.6","1","202","29","","-5"
"5:35:41 AM","online","0","","Charging","97","100","233.55","53.23","21.4","1","202","27","","-5"
"5:36:39 AM","online","0","","Charging","97","100","234.44","53.44","20.1","1","203","26","","-5"
"5:37:40 AM","online","0","","Charging","97","100","234.44","53.44","19.0","1","204","24","","-4"
"5:38:41 AM","online","0","","Charging","97","100","234.89","53.55","18.0","1","203","23","","-4"
"5:39:41 AM","online","0","","Charging","98","100","235.33","53.65","17.0","1","203","22","","-4"
"5:40:38 AM","online","0","","Charging","98","100","235.33","53.65","16.3","1","204","21","","-4"
"5:41:40 AM","online","0","","Charging","98","100","236.22","53.86","15.5","1","204","20","","-4"
"5:42:39 AM","online","0","","Charging","98","100","235.77","53.76","14.7","1","204","19","","-4"
"5:43:39 AM","online","0","","Charging","98","100","235.77","53.76","14.1","1","205","18","","-3"
"5:44:39 AM","online","0","","Charging","98","100","236.66","53.97","13.5","1","205","18","","-3"
"5:45:39 AM","online","0","","Charging","98","100","236.66","53.97","12.8","1","204","17","","-3"
"5:46:39 AM","online","0","","Charging","98","100","237.11","54.07","12.3","1","205","16","","-3"
"5:47:38 AM","online","0","","Charging","98","100","237.11","54.07","11.7","1","204","16","","-3"
"5:48:38 AM","online","0","","Charging","99","100","237.11","54.07","11.3","1","204","15","","-3"
"5:49:39 AM","online","0","","Charging","99","100","237.55","54.18","10.6","1","205","14","","-3"
"5:50:39 AM","online","0","","Charging","99","100","237.55","54.18","10.5","1","206","14","","-2"
"5:51:38 AM","online","0","","Charging","99","100","237.55","54.18","10.3","1","206","13","","-2"
"5:52:41 AM","online","0","","Charging","99","100","237.99","54.39","9.6","1","206","12","","-2"
"5:53:39 AM","online","0","","Charging","99","100","237.99","54.28","9.2","1","207","12","","-2"
"5:54:39 AM","online","0","","Charging","99","100","238.44","54.39","8.8","1","208","11","","-2"
"5:55:39 AM","online","0","","Charging","99","100","238.88","54.49","8.5","1","209","11","","-2"
"5:56:38 AM","online","0","","Charging","99","100","238.88","54.49","8.2","1","207","11","","-2"
"5:57:40 AM","online","0","","Charging","99","100","238.88","54.49","7.8","1","209","10","","-2"
"5:58:37 AM","online","0","","Charging","99","100","238.88","54.49","7.5","1","208","10","","-2"
"5:59:39 AM","online","0","","Charging","99","100","239.33","54.59","7.1","1","207","10","","-2"
"6:00:39 AM","online","0","","Charging","99","100","239.33","54.59","6.9","1","209","9","","-2"
"6:01:38 AM","online","0","","Charging","99","100","239.33","54.59","6.6","1","209","9","","-2"
"6:02:38 AM","online","0","","Charging","99","100","239.33","54.59","6.3","1","207","9","","-1"
"6:03:39 AM","online","0","","Charging","99","100","239.33","54.59","6.1","1","207","8","","-1"
"6:04:39 AM","online","0","","Charging","99","100","239.77","54.7","5.8","1","207","8","","-1"
"6:05:39 AM","online","0","","Charging","99","100","239.77","54.7","5.6","1","208","8","","-1"
"6:06:39 AM","online","0","","Charging","99","100","239.77","54.7","5.5","1","208","8","","-1"
"6:07:39 AM","online","0","","Charging","99","100","239.77","54.7","5.2","1","208","7","","-1"
"6:08:38 AM","online","0","","Charging","99","100","239.77","54.7","5.1","1","207","7","","-1"
"6:09:38 AM","online","0","","Charging","100","100","239.77","54.7","4.9","1","207","7","","-1"
"6:10:40 AM","online","0","","Charging","100","100","240.21","54.91","4.7","1","207","7","","-1"
"6:11:38 AM","online","0","","Charging","100","100","240.21","54.91","4.6","1","207","7","","-1"
"6:12:40 AM","online","0","","Charging","100","100","240.66","54.91","4.4","1","208","6","","-1"
"6:13:39 AM","online","0","","Charging","100","100","240.21","54.8","4.3","1","208","6","","-1"
"6:14:40 AM","online","0","","Charging","100","100","240.66","54.91","4.1","1","208","6","","-1"
"6:15:42 AM","online","0","","Charging","100","100","240.21","54.91","4.0","1","209","6","","-1"
"6:16:37 AM","","0","Tesla API Token Refreshed","","","","","","","","","","",""
"6:17:40 AM","online","0","","Charging","100","100","240.21","54.8","3.7","1","209","6","","-1"
"6:18:40 AM","online","0","","Charging","100","100","241.1","55.01","3.6","1","207","5","","-1"
"6:19:39 AM","online","0","","Charging","100","100","241.1","55.01","3.3","1","208","5","","-1"
"6:20:38 AM","online","0","","Charging","100","100","241.1","55.01","3.4","1","208","5","","-1"
"6:21:40 AM","online","0","","Charging","100","100","241.1","55.01","3.3","1","208","5","","-1"
"6:22:39 AM","online","0","","Charging","100","100","241.1","55.01","3.2","1","207","5","","-1"
"6:23:38 AM","online","0","","Charging","100","100","241.1","55.01","3.1","1","208","5","","-1"
"6:24:38 AM","online","0","Charging->Idling","Complete","100","100","241.1","55.01","0.0","1","2","0","","0"
"6:25:39 AM","online","1","","Complete","100","100","241.1","55.01","0.0","1","2","0","","0"
"6:26:39 AM","online","2","","Complete","100","100","241.1","55.01","0.0","1","2","0","","0"
"6:27:38 AM","online","3","","Complete","100","100","241.1","55.01","0.0","1","2","0","","0"
"6:28:40 AM","online","4","","Complete","100","100","241.1","55.01","0.0","1","2","0","","0"
"6:29:39 AM","online","5","","Complete","100","100","241.1","55.01","0.0","1","2","0","","0"